age,monthly_income,rent,food,transport,other_expenses,total_expenses,monthly_savings,health_score
50,122124,34708,13402,10648,14522,73280,50545,80
36,58495,13867,9577,4545,4922,32911,26392,85
29,21960,5706,2716,2040,1571,12033,9804,75
42,114089,24232,16878,12138,14987,68235,48436,90
40,105398,25980,8510,7480,7558,49528,56140,100
44,149291,37521,13051,17518,15556,83646,68035,90
32,42686,9708,6157,3734,6267,25866,17903,70
32,76484,25340,11314,7134,4955,48743,25486,75
45,87383,13388,14870,8532,12590,49380,35560,85
45,128682,39432,12332,12439,8787,72990,55993,90
24,26855,4696,3802,2303,2866,13667,11129,75
43,102893,31846,10632,8232,9023,59733,44183,90
23,15338,4190,1398,824,2246,8658,5976,75
45,116262,37047,15027,5992,8993,67059,51568,90
51,53760,9112,5354,4035,4836,23337,28362,95
23,34092,8925,3634,2500,5055,20114,12588,80
42,117411,29378,13867,9056,12169,64470,51666,90
54,73377,21370,8154,4379,7356,41259,30102,85
33,38286,9834,3465,3892,2901,20092,16781,80
43,119569,30866,10855,13151,14364,69236,51354,90
46,88211,20810,9102,10206,4537,44655,41892,85
48,132909,28145,11439,11226,7303,58113,77766,100
49,53744,13245,8339,5323,5908,32815,21066,75
37,67685,11756,7748,7437,5696,32637,32709,95
36,38429,13154,4364,3046,5584,26148,9313,60
24,26918,7883,3225,1928,3777,16813,13017,65
28,35377,12045,5643,4088,4293,26069,12293,60
42,60651,11847,11188,5221,7994,36250,24815,85
30,65298,21278,11171,5537,7622,45608,17846,65
39,53429,16656,8938,3338,3342,32274,21281,75
25,19873,5672,2744,1144,2515,12075,4858,55
46,66715,18347,10891,7268,4738,41244,26399,75
35,78519,16748,11489,7301,6465,42003,35059,85
30,65732,20592,6964,4785,8671,41012,21991,75
47,69086,17292,7256,4381,7160,36089,35292,85
23,38508,6322,4450,3422,5236,19430,20154,80
41,111350,23669,21078,10118,7939,62804,48934,90
49,121425,40927,17690,7830,13451,79898,44429,80
28,27045,8658,4545,2964,1578,17745,9052,65
29,19430,6730,2362,1086,2220,12398,6741,65
35,53563,14761,6905,4013,6762,32441,19276,75
38,37967,7574,3609,3706,4119,19008,21180,80
25,19232,3511,1933,1330,1473,8247,12390,85
23,26122,4894,4683,2819,1387,13783,13192,75
27,30023,4622,4508,3056,1859,14045,18389,90
25,23007,5248,2772,2421,2582,13023,8729,75
50,126917,23896,22380,7404,18205,71885,55464,90
39,63613,14779,6970,3806,4494,30049,30901,95
47,96619,32560,19045,6768,11932,70305,23323,55
31,65262,15408,7921,5629,8917,37875,28531,85
35,42677,13895,5141,4368,4356,27760,17523,70
52,110058,29836,12924,11947,12868,67575,44923,80
36,42330,8441,4006,4203,5566,22216,17844,80
29,34426,7614,3213,3959,2618,17404,18912,80
35,67947,11332,10720,6911,5414,34377,32218,85
44,80373,17416,14870,5741,4023,42050,39551,85
42,83154,23741,14540,5700,12166,56147,27661,75
37,36430,5989,3531,3596,5164,18280,17280,80
39,69922,13360,10171,4440,8842,36813,34580,85
45,121975,27601,11303,6890,7063,52857,68514,100
47,72785,25213,6218,6350,6896,44677,29474,75
46,128928,39577,20469,13861,7760,81667,45767,80
50,78669,23340,11345,4491,4058,43234,34593,85
36,66618,11540,5985,7023,7435,31983,34551,95
22,39364,12053,3314,4204,5750,25321,15214,70
46,84624,25984,16820,7088,11871,61763,23090,55
28,31514,8515,2634,1702,3771,16622,15495,80
30,60158,20939,8021,3743,3589,36292,22532,75
45,117534,25275,16519,11696,9099,62589,56369,90
22,38510,13026,3622,3844,3158,23650,15996,70
29,27651,9206,2773,3121,3492,18592,11345,65
45,124964,19031,15272,11345,16273,61921,63012,100
32,35448,8508,6075,2080,3137,19800,15337,80
38,58861,20331,8290,3443,5402,37466,20721,75
29,26779,4569,4192,2690,1458,12909,13680,85
54,122982,31920,24377,7731,9704,73732,48766,90
26,30317,10483,5219,2212,2884,20798,9990,70
49,88392,23079,11678,7434,5453,47644,37760,85
28,22564,4241,3013,1167,2150,10571,14012,85
30,71568,19068,11039,4824,9684,44615,26923,75
29,28737,5485,4593,2257,3107,15442,16233,75
33,76851,19515,10765,5346,4449,40075,39104,85
54,86268,14217,13577,5136,5966,38896,47993,95
44,140486,38085,11635,14183,13690,77593,63576,90
45,86788,21988,11417,9279,7476,50160,37101,85
43,125749,37477,14269,8553,10798,71097,56962,90
48,111049,30665,10605,11572,11429,64271,46900,90
22,19346,5028,1778,1489,2097,10392,9418,75
35,33292,9586,5073,2845,4317,21821,9123,60
24,30775,5502,4395,3382,2588,15867,17707,80
22,28919,7781,3193,2964,3775,17713,8826,65
26,18810,3468,2567,2000,1577,9612,9988,75
47,134162,44958,18657,7993,7451,79059,53748,90
35,45422,7434,4696,2492,4788,19410,25255,90
48,102395,24172,16204,11523,11139,63038,40869,80
30,62371,18035,10834,4811,8947,42627,21503,75
36,35693,8623,6245,2503,4376,21747,14437,70
36,63535,10700,9676,6399,9007,35782,30627,85
47,132279,34481,18703,14358,18629,86171,46819,80
34,61238,17044,5347,6759,6764,35914,26012,85
53,114047,33160,13062,8225,11721,66168,46258,90
53,97775,21965,8916,10721,10339,51941,47077,85
25,25616,6730,5011,1354,3786,16881,7780,65
51,116677,28018,11225,6239,14854,60336,56389,90
44,133555,37984,13116,12506,8096,71702,60241,90
36,39956,10656,7461,2174,5108,25399,17378,70
50,95734,24426,18502,6962,6419,56309,36826,85
34,40837,8163,7019,3964,3868,23014,17476,80
53,90603,13627,7307,6669,6436,34039,59175,95
28,27676,5114,2218,1731,3292,12355,16645,85
43,131926,22877,16539,9194,18170,66780,67840,90
49,118803,28490,11548,9745,9389,59172,60554,100
23,17050,4645,1401,1419,992,8457,5860,85
27,26692,5141,3621,2797,2131,13690,15526,75
49,71312,24090,13775,7310,8360,53535,20689,55
49,143376,21698,17041,11753,11882,62374,83132,100
41,134526,40957,21434,14689,10467,87547,49418,80
51,94179,25903,14905,5462,6445,52715,42685,85
32,35542,7986,3914,2412,3545,17857,16410,80
49,90379,14469,14284,9757,7012,45522,42969,85
46,67297,18540,7098,5145,8284,39067,27905,85
54,52011,11812,4922,6172,2999,25905,28577,95
22,39557,13340,6493,3268,4604,27705,13636,60
48,61738,15952,5779,6509,4553,32793,27225,85
34,46052,15562,9193,3599,4555,32909,11375,50
24,19494,3783,1988,1554,1532,8857,12013,85
27,30152,8899,4561,2315,3686,19461,12229,70
29,39440,10784,5102,3957,5700,25543,12760,70
48,72852,21701,6933,6434,10323,45391,29393,75
30,71424,13780,5952,8289,7738,35759,37149,85
54,50929,14412,7880,3440,4902,30634,17911,75
45,127487,31821,22541,7271,16806,78439,46194,80
36,40634,12131,7356,3150,4808,27445,14805,70
53,145040,31242,20004,13513,9914,74673,72092,90
53,67438,22120,11686,7435,8908,50149,17966,55
45,98515,16438,15835,7313,9150,48736,47067,95
33,54345,16925,9070,5204,3744,34943,17811,75
23,38870,12526,5407,2896,3038,23867,12016,70
24,23202,7272,3619,2162,1780,14833,5625,55
38,55121,13920,9737,6170,5617,35444,18398,75
23,29561,7025,3776,1956,2170,14927,13057,75
23,30512,10656,5392,2388,1902,20338,12500,70
49,148746,29129,22466,17779,9277,78651,72048,90
44,143762,37288,14362,15928,15573,83151,60601,90
53,120188,34149,9971,10759,14840,69719,48664,90
54,139859,40583,17276,12050,11489,81398,60020,90
22,31220,5956,4545,2182,1669,14352,18233,90
40,97093,27263,17552,8369,6089,59273,36064,75
23,20429,6408,1946,2234,2890,13478,7174,65
47,122127,19540,21497,11963,12133,65133,59296,90
53,141369,46977,25949,9938,13480,96344,45495,80
27,16389,2555,1607,1050,881,6093,11463,85
53,76417,16902,13922,5239,9388,45451,31935,85
25,22274,3411,4431,1378,2289,11509,9071,75
32,63160,10448,10561,3580,4434,29023,33258,95
38,55000,18272,9579,4363,3355,35569,18833,75
45,52169,11527,10398,3022,4608,29555,25460,85
26,25745,6048,3930,1597,3442,15017,8224,75
27,37786,7295,4418,3336,5158,20207,17978,80
43,121849,32828,21994,7496,13438,75756,48176,80
32,72080,19386,11081,3926,8848,43241,29445,85
37,53561,12021,8020,3868,3294,27203,24267,85
54,81778,17713,9031,5350,8898,40992,38158,85
30,50281,16441,8585,4327,5867,35220,16518,65
27,22214,5034,1994,1269,1556,9853,10705,85
37,55364,13769,10569,5681,7641,37660,15027,65
50,116321,24039,13853,13195,8084,59171,56581,90
24,28832,8861,2748,2942,2345,16896,13606,75
41,56344,12930,7498,4918,6313,31659,26516,85
40,68800,17387,5854,7584,7831,38656,29928,85
47,75372,15125,12221,7435,9040,43821,30944,85
24,22657,7874,4266,1149,1386,14675,8902,65
40,70538,14693,12730,5472,9518,42413,26340,75
41,113918,34647,10854,12481,11765,69747,42866,80
53,64973,15301,6182,4821,6310,32614,31266,85
28,39578,7569,7029,2076,5861,22535,18857,80
54,109500,33938,20904,11194,13582,79618,27662,60
39,77684,16835,10509,8245,4800,40389,35314,85
22,22287,7199,3117,1364,2800,14480,8072,65
32,69851,23263,8255,6119,4157,41794,26460,85
49,53236,17140,9971,3377,2808,33296,18366,75
46,65848,10338,10363,6607,5950,33258,30253,85
44,52352,16096,5999,3612,7819,33526,21694,75
52,51932,12062,6016,3746,3504,25328,26251,95
51,126449,41063,23638,13801,14827,93329,30130,60
28,32674,9070,2667,2723,2200,16660,14052,80
37,37788,11968,4486,3661,4628,24743,12870,70
47,55498,13868,8131,4338,5579,31916,23585,85
23,38874,9990,3801,2754,4587,21132,19422,80
22,25874,4628,2355,2426,1818,11227,12722,85
33,41280,12664,7340,2511,5141,27656,13712,70
26,20016,4681,3749,1523,2993,12946,9540,65
53,106882,26722,19114,6908,12458,65202,44227,80
30,52804,16211,9919,5212,5245,36587,19167,75
40,50340,13580,7368,5844,7164,33956,15173,75
37,74857,14239,13284,8959,3861,40343,34550,85
24,30585,8198,3856,2493,3761,18308,14115,80
41,112443,26033,17985,7609,15615,67242,48073,90
45,141668,34553,28143,11474,7957,82127,60194,90
54,124027,19306,13281,13557,11783,57927,66275,100
45,50138,9626,6356,3229,3533,22744,28693,95
32,75454,15559,10382,8801,8047,42789,30741,85
29,18972,5551,1831,1402,2180,10964,5981,75
41,135376,20617,12146,16110,10865,59738,78132,100
46,149931,34747,26922,16297,14393,92359,56437,80
46,80654,27003,15906,8597,6285,57791,22988,55
50,75879,13079,9755,5482,6596,34912,39266,95
39,71732,18168,6493,3630,4731,33022,39116,95
39,69261,21284,6087,5315,9596,42282,29129,75
23,23987,8119,4484,1706,1223,15532,6613,55
37,35439,10608,4807,1864,4899,22178,13390,70
54,114353,33632,13539,9762,12254,69187,42270,80
25,27880,8790,3824,2180,2318,17112,11335,65
54,63283,15139,7479,5975,7739,36332,28299,85
35,43279,13467,6002,4045,4361,27875,16794,70
42,89420,13555,16376,5226,8934,44091,43510,95
41,105568,35356,15948,12497,6441,70242,36970,80
29,17396,4151,2841,1097,1547,9636,7898,75
28,33546,8744,4151,2722,2485,18102,18317,80
24,34129,6859,5754,2872,1760,17245,18278,80
38,61182,18263,9788,6541,5262,39854,21862,75
54,96840,16010,9136,5514,5711,36371,63313,95
33,41824,13573,6219,3346,3165,26303,18460,70
43,134754,42531,14931,12666,7984,78112,57838,90
43,127988,24728,22588,8327,7691,63334,64781,100
51,108342,33788,14204,10175,7573,65740,41376,80
29,22314,6856,4448,2558,3346,17208,5920,45
48,51307,14183,4674,6147,2576,27580,25696,85
48,130388,29298,22640,6815,14846,73599,53880,90
42,140768,28758,22641,9359,9026,69784,68430,100
51,85428,16774,14702,6127,12136,49739,32797,85
54,142021,30352,16602,11068,8430,66452,76981,100
49,125774,41594,17488,8421,18300,85803,40210,80
54,88975,14727,15622,5716,9884,45949,45957,85
26,33988,10732,3667,3970,1703,20072,14969,80
40,74842,16448,8017,8554,10433,43452,33944,85
25,35670,9071,5212,1900,3644,19827,17380,80
38,63548,19629,9076,4684,4846,38235,23558,75
49,53630,17530,6106,4202,6796,34634,18716,75
51,69595,15238,8056,4644,9928,37866,34376,85
50,126021,30543,14283,11848,12396,69070,54228,90
27,31106,7244,5368,2949,2536,18097,13065,80
45,94789,14469,14998,10382,12217,52066,44387,85
50,105690,22109,19012,10765,12490,64376,43419,80
52,76086,18400,14993,6694,10566,50653,25355,75
54,66859,15525,9152,6401,7973,39051,27321,85
42,57684,16981,5076,3990,4288,30335,25187,85
53,141088,32021,12101,12911,20198,77231,63658,90
44,51207,12692,5913,4313,3097,26015,27895,85
54,96099,22671,18441,5701,7379,54192,38936,85
24,17719,5282,2530,1186,1807,10805,5171,55
39,68714,22166,7738,4838,7323,42065,24013,75
46,79689,20430,10192,9140,4106,43868,34621,85
52,98651,30373,14978,6523,12632,64506,37063,75
24,24766,5184,3921,1739,2133,12977,14747,75
45,147808,38174,14554,11211,13397,77336,68376,90
53,116418,25500,22962,11229,15243,74934,43277,80
43,110011,25614,15992,6411,9673,57690,51499,90
44,88635,26278,8534,10350,4850,50012,38473,85
23,25177,8216,4714,2784,1703,17417,7596,65
48,145071,25285,12905,13115,21120,72425,75597,100
23,24882,6890,4700,2418,1419,15427,10901,65
47,122702,32691,24489,6278,10490,73948,45933,80
38,48544,8431,7963,3578,4869,24841,24576,80
54,122805,23625,21178,12980,12197,69980,55424,90
30,60841,12910,7329,3372,3066,26677,35124,95
50,78064,14315,15065,5445,7815,42640,33610,85
47,129063,25650,18529,11740,11406,67325,64640,90
46,52454,10675,8806,3564,7721,30766,22647,85
45,70878,15390,13530,8177,4671,41768,26883,85
34,73950,22175,14569,4375,6316,47435,28120,75
28,26718,7063,4808,2827,2456,17154,11024,65
41,62991,21873,7329,5389,5610,40201,20142,75
22,24439,5692,4789,2505,2849,15835,10806,65
29,28281,8506,4394,2029,2023,16952,13673,75
37,44215,14338,8475,3803,3188,29804,15918,70
35,63069,18024,10162,6936,7752,42874,22025,75
33,53911,12527,6300,4457,5392,28676,25263,85
44,119338,35887,14845,8971,10921,70624,45831,90
36,59334,11316,8666,5193,3970,29145,27670,95
49,71083,15319,12425,7123,4887,39754,32616,85
23,22059,5720,2606,1787,1126,11239,10457,75
53,72190,19136,10797,8353,4269,42555,26741,85
44,56142,8669,6819,3966,5933,25387,32232,95
43,78398,26578,13946,6529,10912,57965,22311,55
46,101971,29502,13868,10501,8026,61897,37317,80
43,91862,22886,8194,9024,7603,47707,43787,85
43,148668,50045,14855,16421,9152,90473,59758,80
27,29859,7101,2607,3576,2653,15937,11787,75
36,43057,14901,6024,3439,2313,26677,16361,70
54,98456,24855,9132,5688,13957,53632,43385,85
29,34136,5900,3198,1779,4004,14881,21584,90
26,39597,11996,7639,3994,5902,29531,7669,40
25,35953,10274,6641,3997,4971,25883,12826,60
27,26383,8036,3541,1726,2567,15870,10575,65
53,65072,22143,12903,3975,6635,45656,20434,65
51,130018,39694,10404,7067,8978,66143,66067,90
37,50567,13767,7771,5440,4864,31842,17740,75
34,59739,19203,9198,4289,8381,41071,17326,65
51,71826,20445,9688,5610,3956,39699,32507,85
40,118026,27337,15064,10054,16093,68548,50245,90
38,57044,18660,7680,6204,4797,37341,20473,75
40,74045,14392,9610,7075,10362,41439,35435,85
49,100876,29549,16912,9386,14535,70382,29107,70
47,142446,46481,13709,8873,16678,85741,58660,80
47,140102,41507,14530,12038,16313,84388,54593,80
44,101919,29500,10361,10199,9710,59770,44521,90
30,48450,14560,5402,5723,6470,32155,17403,70
33,46406,11277,6637,2974,6782,27670,18082,80
22,26296,8541,2454,1332,3352,15679,8716,75
22,22813,4350,4201,1260,2559,12370,8517,75
53,136698,23987,15813,10431,15129,65360,69124,100
46,86674,17950,8624,9312,11696,47582,36240,85
22,26745,6855,4307,1350,2784,15296,10203,75
37,59806,15077,5057,4902,7797,32833,26142,85
26,18356,5765,2834,1340,1851,11790,8965,65
43,127949,29545,20955,6867,7196,64563,64142,90
50,50276,12411,5318,4098,4444,26271,22184,85
24,21540,3288,1831,1461,2034,8614,13235,85
33,55860,12956,6906,4168,3584,27614,27669,95
47,61944,17316,5688,6156,3732,32892,30229,85
37,46832,7170,4401,4051,4849,20471,27948,90
43,131442,27100,14525,7718,7691,57034,72332,100
50,99847,19129,11527,11711,8017,50384,51855,85
35,51727,8193,7427,4888,6437,26945,23385,85
49,136072,33453,21962,14098,19926,89439,46685,80
26,33207,6187,5018,1844,4044,17093,18806,80
51,77810,23235,7610,4146,11614,46605,32423,85
26,28261,9031,2844,1451,3386,16712,13352,75
33,33081,8571,6134,2091,2625,19421,13037,80
37,64196,22233,9436,5072,7524,44265,20411,75
47,86976,20882,16037,10046,10455,57420,31642,75
47,61590,15562,7673,5050,5368,33653,28119,85
42,60886,21178,9359,4281,3152,37970,22733,75
54,62866,12341,8979,5616,7564,34500,28526,85
51,116624,39478,13796,6744,6084,66102,52327,90
44,118899,18853,16216,11017,13449,59535,61253,90
31,61656,14752,8650,5536,4091,33029,26338,85
26,35500,5822,3695,3743,3782,17042,18044,90
52,136156,40281,16039,16211,13668,86199,49605,80
31,49363,13411,8637,3335,2534,27917,20163,80
40,128471,37427,24395,11006,11085,83913,45910,80
53,58068,13059,7152,6597,6393,33201,27175,85
22,16682,3735,1949,1750,2249,9683,4869,65
26,20626,3280,2133,1735,2864,10012,11188,85
25,22424,4933,3619,2605,2206,13363,11888,75
37,56832,19087,6750,3069,6981,35887,22849,75
45,144754,32692,28738,16671,11818,89919,52105,80
37,49873,15773,5938,2669,4200,28580,19836,80
23,34982,11140,4453,3089,2429,21111,11420,70
49,102327,22987,15594,11494,10866,60941,43619,90
53,143718,39723,25323,9828,11706,86580,58801,80
48,127064,21483,17324,10553,7425,56785,71293,100
41,71281,12170,9317,5182,8446,35115,37620,95
45,104189,16642,20783,12153,12583,62161,44797,90
33,35110,9346,2853,3779,3019,18997,18846,80
54,58605,13784,10983,5838,3379,33984,27074,85
54,51381,13338,5030,4682,4759,27809,22284,85
33,47081,11968,8206,5058,4436,29668,17653,70
24,33639,7401,5185,2605,3931,19122,12879,80
22,34994,9990,4235,2846,2853,19924,16963,80
54,91869,27716,16983,9287,10864,64850,25303,55
31,72003,11011,5871,5403,9875,32160,37729,95
50,111388,21325,11941,6067,8214,47547,66695,100
34,77639,22720,11492,4285,11482,49979,29978,75
33,31013,7050,3789,1801,2748,15388,14883,90
52,117628,33229,18025,13042,9025,73321,45689,80
23,18380,4032,1523,1526,1693,8774,12417,85
44,134050,30583,12597,13391,7967,64538,68297,100
38,37909,6889,3610,2938,2371,15808,23939,90
47,72031,14524,7398,4906,6586,33414,39160,95
29,28997,7860,3918,2154,3660,17592,14006,65
50,130807,30953,22270,13812,18317,85352,47597,80
47,121312,36983,22887,11374,14130,85374,33233,60
31,56661,18160,10212,6551,3429,38352,17362,75
47,62449,16132,6471,6093,7319,36015,26031,85
28,23884,7204,3175,2147,2711,15237,6327,55
25,20655,4366,2146,1915,2697,11124,12518,75
32,45379,10573,5070,5262,6013,26918,20351,80
50,96092,28112,13493,10106,13147,64858,32532,75
46,113671,25830,10022,5874,10391,52117,58878,100
42,60350,16155,6408,5273,7229,35065,24576,85
31,66060,12358,12699,6486,5075,36618,30864,85
30,59197,15980,8046,6062,8875,38963,18220,75
45,67622,21794,9023,4390,4566,39773,27967,85
39,46087,14919,3767,5101,2350,26137,17710,80
53,103117,30405,11310,12055,6690,60460,43350,90
45,108394,32426,19939,7215,13829,73409,33021,80
44,73782,19300,7360,8247,6985,41892,29796,85
53,78454,20942,10184,4455,7433,43014,37939,85
33,57523,10166,4700,3100,8369,26335,28552,95
34,66727,15932,9168,3939,9472,38511,28629,85
44,72173,17332,5955,3900,5854,33041,41472,95
46,83204,28430,14839,9081,5899,58249,27699,65
51,85596,20219,15320,4633,11542,51714,31951,75
38,46029,11961,8033,3176,6471,29641,17757,70
41,111202,28540,12677,6367,11582,59166,51291,90
46,139400,38662,25157,9852,15744,89415,52965,80
43,80750,24196,11721,4549,6112,46578,34858,85
34,73922,14415,9229,7152,9615,40411,34730,85
40,66566,17023,10320,3949,7536,38828,27819,85
33,33390,10523,2720,3660,3350,20253,15585,70
40,138607,33629,13466,14859,7763,69717,69148,90
33,42693,8781,7218,2175,6045,24219,21261,80
30,79815,22423,8723,8995,8902,49043,29879,75
28,23357,7351,3544,1215,1617,13727,9563,75
49,51589,8389,6511,3444,5707,24051,27367,95
35,51817,15822,9460,2708,6101,34091,15167,65
52,50159,15766,9745,3687,5145,34343,18152,75
40,62145,15058,11560,5342,7569,39529,24622,75
37,73934,25630,8315,7819,7995,49759,26296,75
26,34880,10720,3603,2569,5049,21941,11498,70
33,40258,12267,5512,4001,2229,24009,14990,80
46,58244,17448,4710,3676,3531,29365,31709,85
42,64743,11661,5379,6638,4361,28039,34329,95
44,147102,28456,21534,9785,17507,77282,70683,90
37,58854,14289,8383,3534,6742,32948,24596,85
35,36256,7352,7227,2283,5047,21909,16440,70
52,149532,34848,15584,9382,18435,78249,71064,90
26,34501,11305,3828,2963,3478,21574,10017,60
44,121126,38138,11340,13219,18069,80766,40366,80
50,106071,29276,20164,5894,8126,63460,43913,90
32,49194,15821,8527,4894,6558,35800,11482,50
39,55051,16887,9836,5274,5102,37099,19563,75
33,57386,13531,10807,6374,6592,37304,18262,75
30,39518,7516,5650,2651,4849,20666,21740,80
31,76026,19222,10198,6196,8619,44235,30692,85
38,46184,13727,5525,5302,2958,27512,20162,80
28,37431,8881,5641,3600,3529,21651,17973,80
34,51621,14627,6943,3985,5479,31034,17773,75
30,40028,6759,5371,2369,5399,19898,18727,90
48,96154,28807,18503,6574,9073,62957,33605,75
23,29056,9081,5755,2634,4122,21592,8211,45
26,27236,7935,4782,2731,2561,18009,11914,65
50,98688,33894,16856,5793,10350,66893,31465,75
40,139678,44044,22581,12846,18106,97577,43926,80
29,29451,9737,2943,2607,3189,18476,8214,55
22,39217,13204,3415,3371,5726,25716,13081,70
43,139081,43152,22654,13672,16138,95616,44701,80
38,48509,13817,8123,5269,4961,32170,13477,60
28,25433,3844,2177,1846,1331,9198,15741,85
46,118703,28864,22715,13322,10846,75747,44121,80
25,38398,10145,3491,2351,3068,19055,20823,90
27,15089,3180,1724,937,1883,7724,9090,75
52,72736,15537,11687,4995,5151,37370,34611,85
40,77990,26690,7829,4552,5500,44571,34719,85
48,112551,36955,9752,7442,7760,61909,49391,90
31,64865,20746,7766,3726,4058,36296,26136,85
47,129623,29969,22284,13937,10512,76702,54998,90
40,72440,11064,9391,4326,10039,34820,39520,95
24,33279,5525,5269,3404,4242,18440,17645,80
34,72845,15475,10894,3886,8998,39253,31473,85
49,105103,16096,8688,12233,13635,50652,56520,100
41,120812,18536,23996,12054,9295,63881,54570,90
49,91627,30541,7785,4624,12712,55662,38515,75
29,16925,4929,3319,1751,1078,11077,6809,65
22,33440,7082,4881,2875,2796,17634,17226,80
24,21917,3868,4286,2291,2381,12826,10628,75
34,53284,13444,4996,4613,3212,26265,28918,95
49,55793,8428,7746,5293,6863,28330,26798,85
46,55571,18765,5576,5837,4930,35108,21784,75
54,146867,34214,12647,11508,18863,77232,71818,90
27,18389,4238,2833,922,1825,9818,10633,75
53,140930,32148,14788,15431,9595,71962,68953,90
42,93148,15263,14020,7140,11501,47924,42783,85
37,52436,14559,4901,4442,3943,27845,22304,85
42,52224,15489,6258,2639,5174,29560,24257,85
32,32096,9154,5578,2710,1847,19289,13795,70
40,82441,14648,10918,9814,9215,44595,35102,85
41,89129,23687,13844,6192,10391,54114,32591,75
39,73363,19360,11568,5698,6446,43072,27328,85
35,78709,25476,14266,7721,11447,58910,18871,55
36,56201,12691,6687,6015,7722,33115,24591,85
52,73478,16480,11938,5820,8875,43113,27825,85
22,15514,4246,3031,1111,1882,10270,3684,55
24,38678,10698,6483,4473,2910,24564,15592,70
37,35105,8560,4872,3419,4060,20911,13026,80
44,62180,14836,9680,3627,4341,32484,31360,85
32,32839,8171,5541,1800,2114,17626,17380,80
33,33384,10756,5123,2799,5005,23683,10100,60
31,73619,17832,6036,4815,8262,36945,34106,85
53,108272,36594,11192,7338,10079,65203,44220,80
37,43493,10908,7709,4846,3427,26890,15354,70
29,25326,8606,2854,1425,2795,15680,8693,65
33,76907,24346,12904,7696,4226,49172,29732,75
45,104040,23147,12969,7176,6187,49479,57281,100
49,125357,40456,17879,12939,6679,77953,47244,80
29,32650,5616,2878,3283,3262,15039,14867,90
49,128356,43000,13059,6484,14126,76669,49358,90
47,66211,18295,12902,5670,3724,40591,23109,75
29,19780,3182,3695,1181,2415,10473,10021,75
49,113115,31542,17903,12514,8261,70220,41991,80
49,116852,40296,15793,12971,13849,82909,32625,60
48,95968,15734,15459,7608,14221,53022,44357,85
38,31431,8201,4847,2549,3743,19340,11551,70
30,39067,11702,5790,2782,5403,25677,14919,70
54,104575,32632,9108,10474,15144,67358,39338,80
41,130742,30432,20387,9819,12900,73538,58116,90
34,39557,7548,6814,2719,4756,21837,16695,80
49,75599,11980,15066,6067,10220,43333,32482,85
50,137592,36591,11190,7760,11786,67327,68654,100
34,30162,7256,5055,3084,2296,17691,13986,80
27,19644,6674,2919,999,2841,13433,8903,65
39,49675,8053,6561,4724,6091,25429,25102,80
26,39887,11450,3801,2504,2870,20625,17846,80
46,104120,16137,13440,6899,9881,46357,59702,100
23,31002,5713,3798,2929,4019,16459,17106,80
31,58047,13972,6753,6936,6077,33738,24272,85
51,135992,32770,22806,14203,15638,85417,52104,80
26,27732,7962,4550,1825,3476,17813,12593,65
54,52257,17351,7874,3256,5863,34344,19972,75
22,31309,8697,6031,3463,3256,21447,7838,60
39,79733,27165,9726,6465,9963,53319,26778,75
53,76654,25013,8374,4568,9409,47364,26335,75
32,60508,16149,9603,6677,6836,39265,19436,75
42,131423,41629,13649,14078,11299,80655,51110,80
47,79320,22091,9343,9429,7184,48047,32785,75
46,70808,11733,7573,8049,10411,37766,34985,85
43,102389,30523,9040,11224,6270,57057,42578,90
48,145690,24618,26122,7820,11196,69756,76153,100
34,68328,18367,7553,3915,6780,36615,33038,85
54,101168,29392,13836,9087,13523,65838,33121,80
22,27803,4540,2368,2424,1845,11177,14262,85
42,126396,24793,20718,10371,9820,65702,61469,90
27,21675,7220,2593,1685,1226,12724,8372,75
49,107505,29377,18207,8620,12964,69168,40170,80
38,62262,12406,8062,5594,4596,30658,29692,95
26,30921,8909,3200,1550,2747,16406,15698,80
52,140887,37948,19946,9615,13295,80804,60242,90
26,30282,7580,2896,2612,4213,17301,10693,80
24,19703,6802,2617,1981,1795,13195,9353,65
44,73554,21087,8685,4574,4745,39091,36786,85
31,31171,7016,5904,2751,3192,18863,14809,70
31,41918,12995,3659,4192,6132,26978,16636,70
40,108283,35399,17680,8784,11994,73857,37021,80
38,69110,12097,7044,3586,10251,32978,36776,95
42,66923,12722,7916,5450,8975,35063,32750,85
35,32539,6288,4225,2302,1743,14558,17567,90
30,66727,19233,12608,7678,7729,47248,20788,65
22,27473,7434,2997,1613,2161,14205,12376,75
34,52669,14420,4790,5039,5580,29829,24633,85
25,36116,12212,4270,1939,2814,21235,15495,80
22,35098,10711,3248,2851,2979,19789,13551,80
53,130098,22843,12415,11549,18515,65322,63835,90
49,123016,27002,18312,8716,8692,62722,60780,90
52,76672,18177,6694,6276,10535,41682,37269,85
29,39288,9004,3288,2414,2084,16790,24594,90
47,60293,17114,9992,4298,3562,34966,26659,85
24,38279,12570,4723,3578,5185,26056,13033,70
33,52360,11058,4976,3724,5919,25677,28983,95
22,28910,7527,3192,3266,3605,17590,12220,65
26,26561,8177,4171,2496,1884,16728,9438,65
51,52100,12151,5890,4204,5403,27648,27029,85
51,111997,20565,15605,5903,13856,55929,58267,100
38,55000,13474,5203,4673,6200,29550,27192,85
44,70132,11294,10559,7261,6814,35928,34238,85
36,37345,12640,4404,2561,5451,25056,13857,70
42,86609,14287,13444,9221,10186,47138,40678,85
35,54259,12896,9604,3669,7638,33807,21503,75
23,17365,4445,2663,1869,2135,11112,6616,65
32,53017,18400,6122,2967,6550,34039,19999,75
39,45352,8308,5019,5017,2630,20974,23223,90
51,132594,22923,15817,11262,11395,61397,73947,100
36,49446,7502,4932,3498,6716,22648,24180,90
48,101813,18439,10358,6980,7458,43235,59690,100
54,86021,16469,15043,6902,5294,43708,43901,85
45,104131,28752,13137,12488,8602,62979,41962,80
36,63340,12284,8381,4143,4563,29371,32865,95
51,62828,9682,9504,3595,8954,31735,29602,85
38,36171,11405,5453,3289,4948,25095,12288,70
26,18216,4064,1604,1533,1821,9022,7772,85
50,51401,11346,9241,4456,2885,27928,21352,85
25,17113,3602,1733,1654,2078,9067,7208,75
31,74629,25752,12445,5127,8383,51707,25836,75
38,75232,13844,12994,8557,11063,46458,27346,75
31,51008,16814,8456,4105,5401,34776,14880,65
38,31633,9659,4728,1867,2645,18899,14473,80
41,69611,11506,5690,7097,7093,31386,36584,95
45,93791,32577,11559,8911,13874,66921,28301,65
26,38446,7853,5866,2772,4599,21090,17325,80
27,18374,3118,2324,1718,2153,9313,10021,75
23,21430,6768,3934,1401,1587,13690,8551,65
34,47921,13961,5609,3888,5959,29417,19746,70
32,44357,12129,5110,5010,5545,27794,17780,70
44,53866,9760,6028,3196,4402,23386,27560,95
37,33137,8141,3974,2553,3259,17927,14942,80
52,94724,28996,13913,10180,7526,60615,33818,75
32,41407,8725,6825,4880,3141,23571,17258,80
37,60575,12862,9662,4953,3185,30662,30554,85
29,37281,5615,6595,3187,2927,18324,20556,90
25,26083,4821,4859,2348,2749,14777,8973,75
25,28149,9150,5008,3244,1411,18813,8832,65
46,70447,16790,5795,7754,5517,35856,35090,85
24,24472,8488,4118,1515,3380,17501,7469,55
53,67908,15560,7130,5471,7426,35587,30765,85
24,30635,8977,2939,2526,3393,17835,11145,80
48,90992,18779,14251,9575,8219,50824,38357,85
50,105350,23467,12470,9713,12394,58044,50022,90
53,119561,22494,10384,11453,8248,52579,69750,100
40,101955,22370,9840,12221,13445,57876,41537,90
42,111240,28860,8911,6145,6860,50776,58676,100
26,31959,11133,6020,2096,3694,22943,10575,60
39,67823,19183,5626,5327,5704,35840,29894,85
49,96607,18340,10156,7182,12051,47729,46903,95
43,83487,13273,10849,4300,8764,37186,45712,95
42,105668,18520,12974,5962,10063,47519,55220,100
27,18178,4771,3443,1775,1216,11205,9519,65
22,37436,11344,3175,4176,4255,22950,14171,70
26,34118,11534,4826,2934,5031,24325,7986,50
33,43171,6612,6978,3787,5722,23099,18920,80
47,114110,29046,21886,7743,6390,65065,48429,90
35,35774,8735,5525,3711,3134,21105,13691,80
47,70936,19947,12516,7279,10112,49854,21823,65
48,54426,14255,4900,4962,5459,29576,26957,85
30,60932,17512,7696,3953,7080,36241,26439,85
47,77606,21855,9690,4407,10962,46914,28990,75
43,97832,16964,18231,5331,13440,53966,44968,85
51,78151,24222,7671,7149,7829,46871,29184,85
38,30781,5375,3023,3316,2886,14600,16207,90
47,61308,17761,7321,6748,5147,36977,23359,75
22,32340,7542,2798,2666,3942,16948,17103,80
29,16939,4281,1725,1776,1333,9115,10793,75
36,48489,16033,9495,5638,3636,34802,13307,50
43,144108,47264,18933,9981,12339,88517,55237,80
35,59118,18537,9213,4602,4003,36355,24628,75
47,142769,35982,23861,16447,17062,93352,48706,80
49,137265,40801,17025,10113,15322,83261,56666,80
44,81131,20492,7923,9246,7974,45635,36368,85
35,43565,14111,4565,5169,3878,27723,14327,70
45,83870,19336,9862,8078,11817,49093,34928,85
23,35677,12274,5577,3823,1887,23561,10556,60
47,108585,36535,13876,11126,13780,75317,31033,70
35,53648,16004,4335,5309,7520,33168,21959,75
28,21980,4525,3138,1571,2080,11314,10104,75
24,24200,4267,4612,1306,2542,12727,12565,75
44,61908,19868,10985,4582,8942,44377,19314,65
39,78563,14381,14064,7595,5595,41635,35077,85
36,56390,18092,9891,3224,5752,36959,19996,75
46,128257,31827,15243,6519,12501,66090,63309,90
49,111215,25725,19109,6648,8434,59916,50271,90
31,68314,22587,6638,6838,9007,45070,22910,75
38,62658,16965,9957,7399,8769,43090,17031,65
43,132152,35062,20746,15701,16940,88449,46671,80
47,88458,23154,7348,7481,6151,44134,45542,95
46,96169,21564,16786,10660,5642,54652,40698,85
38,36411,11182,6859,3698,4025,25764,9289,50
34,79159,15876,8872,6734,4409,35891,44156,95
41,127240,42978,22583,11463,14923,91947,33133,60
46,82793,27222,7442,4934,8531,48129,37345,85
25,21638,4706,3288,2502,2516,13012,8280,65
31,37239,11018,5149,2779,4059,23005,17133,70
24,18249,4829,2655,1482,1683,10649,8718,75
39,51384,11177,9821,4985,3601,29584,19365,85
43,138330,48097,25529,10149,11145,94920,41374,70
29,28605,4435,4983,1939,2930,14287,13600,85
40,128915,25851,14547,12140,14849,67387,59523,90
27,21294,5408,4033,1101,2724,13266,6215,55
47,57006,14501,5227,5726,7223,32677,27219,85
27,20757,5558,3786,1784,3056,14184,8494,65
54,115344,34641,13769,10658,9064,68132,48523,90
43,83840,23030,7248,7900,4788,42966,41128,85
42,82430,22260,13215,7162,6970,49607,30479,75
27,32275,5186,3477,2929,4012,15604,16653,90
27,19470,4386,2126,1905,1826,10243,7340,75
25,38559,7573,4500,3960,5081,21114,18851,80
51,125451,25475,10994,12660,13163,62292,60715,100
32,67711,17663,6856,7507,9681,41707,26023,75
51,140270,26637,11308,8873,20309,67127,72447,100
52,130360,27217,17396,10178,7421,62212,67728,100
45,86081,16993,7756,10015,8232,42996,45737,95
30,30282,10286,4903,2354,3360,20903,6430,60
24,22519,7632,2438,1322,1702,13094,7786,75
52,55939,15214,10809,4854,5074,35951,18182,75
45,97562,32673,18005,5625,11489,67792,30789,75
52,85063,26128,9759,5461,6181,47529,37672,85
27,32582,8731,5668,3906,3590,21895,9335,60
23,30552,4622,5389,2685,3658,16354,11869,80
41,94769,28857,18800,6622,5596,59875,32671,75
49,97118,28212,14736,11618,9687,64253,34792,75
32,76971,21016,6914,9056,5873,42859,33391,85
25,37473,11320,5906,3029,4588,24843,12652,70
36,50074,12647,7761,3416,3452,27276,21658,85
27,30504,8871,4776,3315,4246,21208,9435,70
51,94605,31885,11055,9469,8807,61216,36014,75
23,18719,4214,3428,1836,1306,10784,6009,75
36,41205,12016,8040,4636,3865,28557,11364,60
32,35906,8801,3810,3528,3262,19401,14788,80
29,32370,9221,2932,2261,3006,17420,16636,80
47,81433,24639,8415,8026,8840,49920,30499,75
26,19440,3092,3469,1388,1985,9934,9139,75
27,36293,10137,5850,3743,2358,22088,12206,70
47,94254,18412,14734,8801,5330,47277,45023,85
25,28598,8122,3666,1584,3515,16887,10887,75
40,146258,35638,21842,12563,15499,85542,60054,90
41,87853,26769,10273,6503,7546,51091,35617,85
54,88405,15442,12134,6453,11566,45595,40310,85
41,116652,32110,20433,10750,10359,73652,42233,80
33,31125,6402,6154,2258,4033,18847,13852,70
22,26865,8612,5155,2804,2164,18735,10820,65
47,50492,16948,9697,2774,2892,32311,17720,75
35,38438,13425,4930,3698,5506,27559,12487,60
32,50095,15489,6825,5342,4481,32137,18672,75
34,46154,13880,7600,4481,5966,31927,13559,60
24,32087,6196,6117,2721,2500,17534,12153,80
54,143935,31262,13967,16771,16500,78500,67971,90
27,31958,7770,3723,2268,4388,18149,16028,80
31,56819,17311,5494,2917,3077,28799,29304,85
26,22848,7608,3505,1833,3040,15986,4850,55
44,104110,19554,12155,5446,11153,48308,54683,100
31,54217,18134,6459,6331,6004,36928,18772,75
23,21924,6338,1940,1418,2243,11939,12886,75
34,62994,17144,7683,6628,8658,40113,21635,75
23,34614,6575,6351,3607,1881,18414,15664,80
41,75851,12219,8189,4948,5772,31128,43946,95
22,22114,5831,3613,2067,3042,14553,9043,65
30,79416,22260,12353,4238,9945,48796,29114,75
38,39587,7606,7268,3319,2049,20242,17197,80
30,74517,19470,7144,3802,7578,37994,33974,85
32,60129,19319,11864,6883,6190,44256,15197,55
36,30645,9714,4594,3626,2760,20694,8709,60
45,55451,18602,11060,3635,4421,37718,19041,75
51,137178,30614,25979,8857,16210,81660,55871,90
52,91316,19506,9732,9383,6463,45084,47368,95
26,32772,9827,2842,2219,4256,19144,15869,80
35,76443,18057,8460,8611,9960,45088,33050,85
32,56475,9460,8093,5092,5168,27813,29000,95
30,48888,10098,4917,3644,3830,22489,25987,90
33,73732,17232,7380,7984,5779,38375,34139,85
22,24013,5006,3254,2030,2358,12648,14312,75
43,116155,25140,9756,13220,14166,62282,54393,90
50,149186,31143,14116,17150,12813,75222,72743,90
29,18726,2964,2432,1153,2078,8627,10231,85
32,30587,8485,2678,1534,2699,15396,15764,80
35,42763,11522,5457,5083,3440,25502,17479,80
51,84064,23594,11506,9535,4412,49047,35774,85
42,144826,27294,19428,7803,7297,61822,84020,100
26,27178,5683,5008,2943,1976,15610,11405,75
40,74820,20494,10744,6138,6781,44157,30044,85
35,55817,15066,7599,3802,7542,34009,23047,75
47,105745,26570,13671,11791,13730,65762,40919,80
25,27592,6072,4914,1759,2116,14861,14159,75
46,120902,40210,22657,14062,9001,85930,37065,70
46,58711,12796,10708,3780,4270,31554,25576,85
39,73553,17735,11829,6837,6172,42573,32130,85
29,26530,7577,2559,1740,2648,14524,10336,75
35,36450,9426,4127,3214,3421,20188,16179,80
53,126253,27697,10798,12357,9068,59920,64779,100
54,86191,20438,16522,5457,5433,47850,36781,85
44,60211,18598,9591,5205,3086,36480,24475,75
36,63866,13132,10829,5290,4176,33427,30283,85
54,138896,24786,16304,7635,16741,65466,76259,100
46,106746,22697,19372,11451,7938,61458,48078,90
38,41439,13256,4606,3045,4013,24920,17694,70
54,81312,13643,6520,7336,8873,36372,47020,95
23,25693,8949,3215,2210,3563,17937,5620,55
35,36416,9402,5407,3129,5057,22995,16104,70
27,19760,6856,2715,1136,2461,13168,4063,55
27,15011,5070,2753,1195,803,9821,7862,65
24,36636,8813,3394,2991,3938,19136,16002,80
28,31353,5947,4591,3177,4033,17748,15289,80
29,35783,6547,5065,3893,1851,17356,16837,90
36,39122,7746,4450,3448,4106,19750,20142,80
50,68020,19863,12152,3814,9235,45064,21861,75
54,58155,11897,9906,3871,5664,31338,28476,85
51,119119,26001,20005,7331,6004,59341,60779,100
48,131051,31420,24263,7695,6696,70074,61481,90
50,86777,28866,14468,6561,7954,57849,29411,75
54,69710,13097,7516,4604,4566,29783,41489,95
48,74532,11254,12273,4865,8678,37070,35060,95
54,68601,11114,8021,3692,8292,31119,40222,95
25,39596,13104,4318,2028,2684,22134,15453,80
43,54967,15363,4878,3143,7632,31016,22883,85
23,24206,4952,4097,1502,2279,12830,11160,75
31,68547,12711,11332,5495,4406,33944,34644,95
26,36627,7649,3960,3140,4630,19379,19948,80
31,51447,8898,8742,3078,6636,27354,21159,85
54,55722,18851,10595,4442,6348,40236,15884,55
34,71814,22035,6676,5308,9719,43738,27826,75
52,142772,34619,15407,8971,17666,76663,63578,90
45,131050,42328,22282,6615,18113,89338,40436,80
36,63209,12634,7138,5226,5903,30901,33293,95
50,133596,39200,20701,13091,16667,89659,42568,80
29,31524,10126,2828,2075,4727,19756,9542,70
26,19882,4400,2669,1177,2435,10681,9213,75
50,118323,35673,19960,13263,7267,76163,44392,80
25,28645,5987,4651,1983,2916,15537,12611,75
33,58276,12224,10361,3825,6336,32746,24016,85
23,32347,5544,5993,3558,2180,17275,16091,80
48,75242,17908,13000,8065,11007,49980,26489,75
52,105841,31322,16997,8613,7150,64082,39688,80
47,117712,39791,9865,9916,7975,67547,50177,90
48,135663,36732,19562,8850,19198,84342,53345,80
26,21894,7063,1850,1214,2113,12240,11970,75
41,103574,32573,18329,9336,5833,66071,36008,80
32,59516,10990,7051,3385,6535,27961,33284,95
31,40449,9997,5965,3294,4456,23712,16681,80
27,36923,6401,4191,4276,2084,16952,19790,90
29,24873,7124,4325,2902,3662,18013,9018,55
44,53696,18255,10007,3584,5606,37452,14428,65
47,70058,12429,8956,6563,7424,35372,31974,85
33,47761,14174,8766,3973,4872,31785,14787,70
47,69149,19116,7748,7696,7680,42240,24436,75
34,36701,9788,5290,2532,2805,20415,14202,80
39,32597,7432,5966,1638,2566,17602,13703,80
46,54956,12146,6545,3373,5557,27621,27909,85
54,125731,19997,24452,9362,16429,70240,55810,90
33,50980,9868,4824,3675,2803,21170,28216,95
25,26371,4035,2167,2779,2909,11890,12722,85
26,30945,8240,5833,3021,4043,21137,12014,70
29,22052,3774,1945,1565,1448,8732,13453,85
49,101313,32886,20163,8311,5217,66577,32534,80
52,113232,28832,21985,6419,9202,66438,45317,90
30,42109,12208,4061,4752,4582,25603,17613,70
50,74729,17349,10799,8629,4769,41546,35111,85
35,38787,10166,3963,4599,3592,22320,16355,80
43,148134,50148,19461,16413,15588,101610,46214,80
32,38472,6407,3361,2392,4227,16387,23176,90
44,62602,12569,6690,3332,4847,27438,33405,95
22,39611,12120,4895,3587,3565,24167,18212,70
42,136120,23106,18054,15501,17400,74061,59749,90
47,84681,13983,16707,5285,12204,48179,34029,85
44,141328,31418,25007,7136,19247,82808,57015,90
22,16798,2829,2830,1787,1787,9233,8390,75
36,34088,9102,4923,1887,3103,19015,14966,80
42,93361,18229,16879,7371,7776,50255,40998,85
30,49330,16236,5955,4810,3082,30083,16633,70
30,72409,22207,11952,4820,4391,43370,27288,85
31,51778,15012,10316,2893,6153,34374,16932,75
47,134700,36825,15861,13995,10234,76915,60658,90
46,113043,36478,18186,10638,8530,73832,40714,80
47,128532,25013,23305,15320,19256,82894,46166,80
32,78454,25467,14898,5813,5397,51575,29651,75
23,16300,5018,2708,885,1056,9667,4530,65
28,38253,11461,4362,3879,2290,21992,13971,80
39,78200,20508,9317,6765,8444,45034,33861,85
48,72626,14470,5990,4715,8191,33366,38946,95
48,109979,25813,18840,11517,9515,65685,47072,90
38,43686,13486,3718,2807,4523,24534,21165,80
45,116668,18241,21438,7962,15031,62672,55508,90
46,149003,45656,14041,8415,19640,87752,58666,90
28,24852,4921,2500,1937,3623,12981,10342,75
27,21295,3808,2921,1689,2820,11238,12688,75
45,92998,16101,15674,7999,9902,49676,44502,85
54,113814,17692,11003,11339,7735,47769,67307,100
50,95607,24352,12697,10844,5734,53627,41411,85
43,57812,11195,7974,3447,3205,25821,31506,95
47,111844,38909,11796,6017,13046,69768,40171,80
49,120093,31811,11272,6160,15702,64945,52957,90
42,52179,9265,9411,3133,5263,27072,25151,85
28,38058,10951,5339,3655,2111,22056,18642,80
38,76733,25287,6271,7744,7945,47247,32398,75
41,58275,17426,10277,6122,8366,42191,14076,55
41,100574,16623,19883,6744,11039,54289,44566,90
43,97857,32212,14943,6988,12813,66956,32271,75
49,70700,21831,9929,5926,9192,46878,22595,75
28,20010,3635,3710,1089,2865,11299,9272,75
22,31035,4976,6030,2879,3942,17827,14024,80
53,143330,37475,24444,17036,17883,96838,45248,80
34,38259,6932,5105,2879,2808,17724,19908,90
51,132534,42002,20021,13611,7420,83054,49056,80
44,63869,14157,10481,5429,6499,36566,25194,85
40,110315,36688,11396,6502,6888,61474,50025,90
53,143688,37809,19205,13040,21010,91064,50331,80
51,70954,13235,12741,5037,5604,36617,33734,85
50,81555,14510,12931,4274,11033,42748,40289,85
50,113353,30071,14661,10705,10061,65498,46989,90
51,132190,39971,21097,14557,10881,86506,45038,80
37,39277,12030,3699,2911,5636,24276,17970,70
40,96976,19894,12430,7498,8372,48194,51055,95
39,39885,7612,6986,4481,3550,22629,18791,80
22,22622,3469,2408,2419,1371,9667,10931,85
35,59165,16911,6053,5919,6924,35807,21092,75
23,24160,3993,4689,1628,1905,12215,11413,75
49,80908,18944,8510,9200,8783,45437,35011,85
51,65523,17713,7293,3984,7150,36140,27015,85
25,22421,7565,4402,2104,2733,16804,7705,55
22,36400,7729,6121,1893,4532,20275,17393,80
29,15769,3153,2585,1499,1599,8836,8032,75
50,60775,17067,11082,4217,5050,37416,23260,75
24,29114,7972,2733,2372,3893,16970,10807,75
53,134995,29215,22235,10012,10932,72394,61616,90
31,32044,10754,4500,1989,3228,20471,14164,70
31,37368,11919,6707,3495,3367,25488,12061,70
40,77056,15010,10863,8610,10441,44924,34288,85
54,56614,11199,8742,6631,5275,31847,25830,85
44,57415,14494,7884,3643,5087,31108,25937,85
49,138691,42261,19053,13899,16501,91714,47849,80
53,93884,14909,16162,9060,10350,50481,41457,85
28,25793,7445,4008,1909,1566,14928,8245,75
50,87726,24532,13684,4503,8844,51563,38550,85
29,36485,7161,4890,3585,4507,20143,16424,80
22,27323,7821,3927,3174,4076,18998,7716,55
24,28031,9475,4750,2641,3165,20031,6592,45
45,99976,15931,17906,8045,8700,50582,50655,85
44,82252,17596,13455,7136,5972,44159,37840,85
29,22843,5428,4360,1461,3135,14384,7848,65
24,29210,9634,5212,2995,3839,21680,8083,45
54,130437,44668,19229,13337,9573,86807,45768,80
49,84148,20096,13511,5064,5895,44566,42329,85
29,25106,7531,4799,2798,3050,18178,6955,45
53,138454,35490,21363,9531,11283,77667,58994,90
45,135076,34789,24175,16041,10892,85897,50032,80
35,75714,15568,12315,5815,4938,38636,34622,85
53,103459,20008,15129,6461,7904,49502,54038,100
37,53132,11030,5792,3964,4928,25714,28081,95
25,18713,4889,2453,1512,2307,11161,6791,75
42,88578,13803,17372,4858,7407,43440,44505,95
35,44868,14871,7130,4059,3717,29777,15864,70
52,72318,13108,10683,6641,5676,36108,35837,95
39,72533,14072,13923,7378,7095,42468,30996,85
28,19255,4884,2895,1002,1310,10091,8638,75
31,42466,12401,6078,3732,4185,26396,16200,70
28,38781,6559,6636,2082,4669,19946,19342,80
54,145742,31121,24123,14440,7721,77405,65433,90
44,95475,32818,9851,5146,4867,52682,43651,85
42,110142,22300,15040,12536,6334,56210,53640,90
40,135160,28736,18476,13400,13997,74609,62948,90
40,76564,24293,9600,6547,10370,50810,26090,75
50,72412,11589,10287,5858,3655,31389,38479,95
39,60795,14768,7877,3595,8734,34974,28735,85
23,20249,4574,2104,1424,1227,9329,12288,85
22,36675,7823,4748,4064,4921,21556,15106,80
26,34201,7084,3032,3875,3361,17352,17937,80
41,85517,14390,12750,4280,9914,41334,45067,95
32,30193,6430,5508,2765,3051,17754,10470,80
23,29109,4616,4862,2921,2844,15243,11073,75
24,35595,10898,4386,3321,4751,23356,11176,70
44,80106,18395,7245,4463,10060,40163,42699,85
33,72752,17371,7584,4746,7154,36855,34043,85
41,66589,21889,9685,4496,4072,40142,28599,75
26,25060,7057,2627,2712,1542,13938,13754,75
51,136511,20696,19831,11251,17767,69545,68265,90
30,70197,23771,7566,5902,7226,44465,28660,75
43,146117,28847,26574,16868,14342,86631,59050,90
45,135731,23280,17329,12839,16023,69471,63702,90
38,56512,17158,6186,6380,7679,37403,20893,75
31,36716,9182,6516,3009,4144,22851,11697,70
51,78884,18676,9556,4769,9961,42962,34383,85
44,140421,28070,13112,16161,17767,75110,65827,90
53,52708,13677,7824,4327,4513,30341,20526,85
38,34378,7043,5149,2155,2661,17008,14756,90
38,70583,23314,11700,5023,9184,49221,20403,65
35,76546,14776,8330,4099,6714,33919,42180,95
30,49835,16289,6640,4125,6993,34047,18232,70
23,25754,6744,2932,2825,1467,13968,10504,75
46,114425,36123,10265,13198,6387,65973,50227,90
30,75496,22087,13981,8703,10773,55544,21002,55
43,97135,28104,16266,5708,11155,61233,36311,75
25,22446,4822,2607,1722,1974,11125,9010,85
47,147022,28930,22336,7641,18452,77359,72327,90
50,128077,24613,13339,14070,15014,67036,59210,90
44,58712,18872,10969,4410,6054,40305,20395,75
32,38333,12039,3595,3610,2295,21539,14746,80
27,23555,5608,1895,2356,3090,12949,12956,75
39,47839,8442,6708,3831,6534,25515,24203,80
42,62297,14107,9343,4451,4187,32088,33176,85
38,35808,9806,5352,4202,4835,24195,13203,70
46,118368,28512,10243,13909,16309,68973,49891,90
33,51180,15663,6023,3595,5370,30651,21446,85
44,137599,48094,19250,11499,15908,94751,44690,80
43,138499,26069,14679,16356,12218,69322,68661,90
42,128958,31198,23820,6491,10081,71590,56222,90
48,82920,19585,7500,6541,10132,43758,39601,85
52,61156,12897,8469,3487,8328,33181,28206,85
27,26023,4934,4240,2228,3003,14405,11215,75
48,81845,13352,9118,4233,8279,34982,47846,95
33,67465,22089,10450,5294,4445,42278,24378,75
28,34169,7994,6134,2236,1891,18255,15549,80
31,46724,11651,4805,4080,4418,24954,19426,80
38,33828,11277,6429,4049,1858,23613,11027,70
47,83872,25602,12281,8893,8968,55744,31106,75
42,60728,10694,7038,6631,5360,29723,31345,95
49,145102,38174,19110,13707,18242,89233,56780,80
23,33792,8057,3969,1787,2722,16535,16053,90
22,31724,9816,5298,2045,3467,20626,12461,70
47,135774,40032,23835,15580,14089,93536,41000,80
50,57263,16496,10304,4330,2890,34020,24715,85
42,117450,25616,23289,6724,6722,62351,55384,90
32,34912,10857,6107,3462,2759,23185,10312,60
32,34648,5560,5272,2458,4789,18079,19128,80
45,141118,25672,17033,9711,9130,61546,80135,100
43,115942,25173,16852,13896,14039,69960,45422,80
26,33073,5469,2808,3640,4872,16789,17868,80
54,82934,16337,14047,6514,10703,47601,37150,85
41,83276,26317,11118,9878,6186,53499,31818,75
40,69873,23732,5757,6673,9840,46002,23971,75
38,52054,10979,4554,5306,3087,23926,30859,95
30,34492,6998,4363,1800,3339,16500,18236,90
47,134444,27692,20168,7866,18654,74380,58104,90
23,19437,3995,2637,1833,2218,10683,8881,75
30,64285,10104,9919,7259,5873,33155,30403,85
30,46018,15433,6333,4310,3648,29724,16923,70
38,51386,9904,8191,3051,4496,25642,24858,95
22,15560,3641,1653,904,1569,7767,6470,85
46,92291,14022,8633,10068,7559,40282,52103,95
46,85060,27354,12892,5082,12495,57823,25235,65
24,16826,4984,2324,1454,2411,11173,8526,65
51,86176,29243,7171,4532,11811,52757,32703,75
33,42743,13093,5370,2378,3940,24781,20014,80
40,75675,16099,7017,7345,9015,39476,34788,85
